ds,y
2016-01-04,36.917144775390625
2016-01-05,36.95397186279297
2016-01-06,37.00572204589844
2016-01-07,36.148284912109375
2016-01-08,35.55509567260742
2016-01-11,35.63272476196289
2016-01-12,36.132362365722656
2016-01-13,34.86287307739258
2016-01-14,35.567535400390625
2016-01-15,34.558815002441406
2016-01-19,34.9240837097168
2016-01-20,34.757869720458984
2016-01-21,35.1629524230957
2016-01-22,36.091552734375
2016-01-25,35.41575241088867
2016-01-26,35.48393249511719
2016-01-27,34.834510803222656
2016-01-28,36.37570571899414
2016-01-29,36.97237777709961
2016-02-01,37.42274475097656
2016-02-02,38.05226516723633
2016-02-03,36.17615509033203
2016-02-04,35.233619689941406
2016-02-05,34.01737976074219
2016-02-08,33.97607421875
2016-02-09,33.745662689208984
2016-02-10,34.04474639892578
2016-02-11,33.994483947753906
2016-02-12,33.95915222167969
2016-02-16,34.387123107910156
2016-02-17,35.25302505493164
2016-02-18,34.70313262939453
2016-02-19,34.88029479980469
2016-02-22,35.1564826965332
2016-02-23,34.628482818603516
2016-02-24,34.8131103515625
2016-02-25,35.12114715576172
2016-02-26,35.087310791015625
2016-02-29,34.72403335571289
2016-03-01,35.77107238769531
2016-03-02,35.7730598449707
2016-03-03,35.45307540893555
2016-03-04,35.37693786621094
2016-03-07,34.59414291381836
2016-03-08,34.53492736816406
2016-03-09,35.09577178955078
2016-03-10,35.47298049926758
2016-03-11,36.16968536376953
2016-03-14,36.352317810058594
2016-03-15,36.24482345581055
2016-03-16,36.63099670410156
2016-03-17,36.7150993347168
2016-03-18,36.706146240234375
2016-03-21,36.92958450317383
2016-03-22,36.86289978027344
2016-03-23,36.729034423828125
2016-03-24,36.5916862487793
2016-03-28,36.50360107421875
2016-03-29,37.062950134277344
2016-03-30,37.34959411621094
2016-03-31,37.0719108581543
2016-04-01,37.31874084472656
2016-04-04,37.088829040527344
2016-04-05,36.71609878540039
2016-04-06,37.108734130859375
2016-04-07,36.83951187133789
2016-04-08,36.78327941894531
2016-04-11,36.63149642944336
2016-04-12,36.979347229003906
2016-04-13,37.4088134765625
2016-04-14,37.48246383666992
2016-04-15,37.77109909057617
2016-04-18,38.149803161621094
2016-04-19,37.518795013427734
2016-04-20,37.45608901977539
2016-04-21,37.7780647277832
2016-04-22,35.76907730102539
2016-04-25,35.98704528808594
2016-04-26,35.240089416503906
2016-04-27,35.12562942504883
2016-04-28,34.38812255859375
2016-04-29,34.487152099609375
2016-05-02,34.74592590332031
2016-05-03,34.45480728149414
2016-05-04,34.62101364135742
2016-05-05,34.906166076660156
2016-05-06,35.38838195800781
2016-05-09,35.476966857910156
2016-05-10,35.98854446411133
2016-05-11,35.59590148925781
2016-05-12,35.497371673583984
2016-05-13,35.37395095825195
2016-05-16,35.655616760253906
2016-05-17,35.14503479003906
2016-05-18,35.16494369506836
2016-05-19,34.850929260253906
2016-05-20,35.31970977783203
2016-05-23,35.0460090637207
2016-05-24,35.834774017333984
2016-05-25,36.092552185058594
2016-05-26,36.03532409667969
2016-05-27,36.46030807495117
2016-05-31,36.612586975097656
2016-06-01,36.534454345703125
2016-06-02,36.347843170166016
2016-06-03,35.94673538208008
2016-06-06,35.65860366821289
2016-06-07,35.66358184814453
2016-06-08,36.242340087890625
2016-06-09,36.25727081298828
2016-06-10,35.800933837890625
2016-06-13,35.748680114746094
2016-06-14,35.74420166015625
2016-06-15,35.77654266357422
2016-06-16,35.350563049316406
2016-06-17,34.42295455932617
2016-06-20,34.52199172973633
2016-06-21,34.632965087890625
2016-06-22,34.70860290527344
2016-06-23,34.928062438964844
2016-06-24,33.60184860229492
2016-06-27,33.25548553466797
2016-06-28,33.84170913696289
2016-06-29,34.044254302978516
2016-06-30,34.44186782836914
2016-07-01,34.79568862915039
2016-07-05,34.58369445800781
2016-07-06,34.72403335571289
2016-07-07,34.604095458984375
2016-07-08,35.11518096923828
2016-07-11,35.5859489440918
2016-07-12,35.862144470214844
2016-07-13,35.68000411987305
2016-07-14,35.877567291259766
2016-07-15,35.82282257080078
2016-07-18,36.51604080200195
2016-07-19,36.67428970336914
2016-07-20,36.884796142578125
2016-07-21,36.75740051269531
2016-07-22,36.96193313598633
2016-07-25,36.81413269042969
2016-07-26,36.746952056884766
2016-07-27,36.91366195678711
2016-07-28,37.11968231201172
2016-07-29,38.2582893371582
2016-08-01,38.46182632446289
2016-08-02,38.37175369262695
2016-08-03,38.47675704956055
2016-08-04,38.398624420166016
2016-08-05,38.9266242980957
2016-08-08,38.90373611450195
2016-08-09,39.02814865112305
2016-08-10,39.04904556274414
2016-08-11,39.0575065612793
2016-08-12,38.97639083862305
2016-08-15,38.93757629394531
2016-08-16,38.67382049560547
2016-08-17,38.81167221069336
2016-08-18,38.69173812866211
2016-08-19,38.58823013305664
2016-08-22,38.42549514770508
2016-08-23,38.42201232910156
2016-08-24,38.30058670043945
2016-08-25,38.289146423339844
2016-08-26,38.295616149902344
2016-08-29,38.42549514770508
2016-08-30,38.273223876953125
2016-08-31,38.17170333862305
2016-09-01,38.257789611816406
2016-09-02,38.39115905761719
2016-09-06,38.820133209228516
2016-09-07,38.83356857299805
2016-09-08,38.583251953125
2016-09-09,37.80394744873047
2016-09-12,38.26974105834961
2016-09-13,37.80543518066406
2016-09-14,37.94477844238281
2016-09-15,38.40609359741211
2016-09-16,38.26277160644531
2016-09-19,38.10451889038086
2016-09-20,38.388671875
2016-09-21,38.62804412841797
2016-09-22,39.174949645996094
2016-09-23,39.15951919555664
2016-09-26,38.52801513671875
2016-09-27,38.965938568115234
2016-09-28,38.89377975463867
2016-09-29,38.56782913208008
2016-09-30,38.68128967285156
2016-10-03,38.445899963378906
2016-10-04,38.63848876953125
2016-10-05,38.64048385620117
2016-10-06,38.65988540649414
2016-10-07,38.57131576538086
2016-10-10,39.111751556396484
2016-10-11,38.96892166137695
2016-10-12,39.1217041015625
2016-10-13,38.72607421875
2016-10-14,38.74299240112305
2016-10-17,38.81415939331055
2016-10-18,39.57555389404297
2016-10-19,39.88608169555664
2016-10-20,39.66064453125
2016-10-21,39.78008270263672
2016-10-24,40.463844299316406
2016-10-25,40.19312286376953
2016-10-26,39.76515197753906
2016-10-27,39.58003234863281
2016-10-28,39.58102798461914
2016-10-31,39.04207992553711
2016-11-01,38.99579620361328
2016-11-02,38.25381088256836
2016-11-03,37.926856994628906
2016-11-04,37.92138671875
2016-11-07,38.94155502319336
2016-11-08,39.33917236328125
2016-11-09,39.08039855957031
2016-11-10,37.94825744628906
2016-11-11,37.52327346801758
2016-11-14,36.63050079345703
2016-11-15,37.74571990966797
2016-11-16,38.04380416870117
2016-11-17,38.37971878051758
2016-11-18,37.84773635864258
2016-11-21,38.27869415283203
2016-11-22,38.232418060302734
2016-11-23,37.8701286315918
2016-11-25,37.90446853637695
2016-11-28,38.23091506958008
2016-11-29,38.360313415527344
2016-11-30,37.72332763671875
2016-12-01,37.21971130371094
2016-12-02,37.34810256958008
2016-12-05,37.94626998901367
2016-12-06,37.776573181152344
2016-12-07,38.377723693847656
2016-12-08,38.637996673583984
2016-12-09,39.27845764160156
2016-12-12,39.2774658203125
2016-12-13,39.61735153198242
2016-12-14,39.665626525878906
2016-12-15,39.70444107055664
2016-12-16,39.353599548339844
2016-12-19,39.52280044555664
2016-12-20,39.633277893066406
2016-12-21,39.54071807861328
2016-12-22,39.376495361328125
2016-12-23,39.3093147277832
2016-12-27,39.390926361083984
2016-12-28,39.06745529174805
2016-12-29,38.95499038696289
2016-12-30,38.40907669067383
2017-01-03,39.1217041015625
2017-01-04,39.15951919555664
2017-01-05,39.51384353637695
2017-01-06,40.117488861083984
2017-01-09,40.142364501953125
2017-01-10,40.0498046875
2017-01-11,40.20507049560547
2017-01-12,40.12793731689453
2017-01-13,40.20357894897461
2017-01-17,40.04085159301758
2017-01-18,40.11350631713867
2017-01-19,39.919673919677734
2017-01-20,40.06125259399414
2017-01-23,40.77238464355469
2017-01-24,40.99930953979492
2017-01-25,41.58652877807617
2017-01-26,41.411354064941406
2017-01-27,40.97144317626953
2017-01-30,39.9268913269043
2017-01-31,39.65169143676758
2017-02-01,39.597198486328125
2017-02-02,39.73828125
2017-02-03,39.88558578491211
2017-02-06,39.878116607666016
2017-02-07,40.15829086303711
2017-02-08,40.228458404541016
2017-02-09,40.28718185424805
2017-02-10,40.4917106628418
2017-02-13,40.76890182495117
2017-02-14,40.82911682128906
2017-02-15,40.755958557128906
2017-02-16,41.01374053955078
2017-02-17,41.20832061767578
2017-02-21,41.3869743347168
2017-02-22,41.34218215942383
2017-02-23,41.37055206298828
2017-02-24,41.23668670654297
2017-02-27,41.26853561401367
2017-02-28,40.966461181640625
2017-03-01,41.56512451171875
2017-03-02,41.33572006225586
2017-03-03,41.25857925415039
2017-03-06,41.193885803222656
2017-03-07,41.399417877197266
2017-03-08,41.571598052978516
2017-03-09,41.73631286621094
2017-03-10,41.96373748779297
2017-03-13,42.07769775390625
2017-03-14,42.08168029785156
2017-03-15,42.16031265258789
2017-03-16,42.23893737792969
2017-03-17,42.4051513671875
2017-03-20,42.22002410888672
2017-03-21,41.32725524902344
2017-03-22,41.283958435058594
2017-03-23,40.6862907409668
2017-03-24,40.52953338623047
2017-03-27,40.7823371887207
2017-03-28,40.852508544921875
2017-03-29,41.37452697753906
2017-03-30,41.37901306152344
2017-03-31,41.282466888427734
2017-04-03,41.72985076904297
2017-04-04,41.53178405761719
2017-04-05,41.37452697753906
2017-04-06,41.1988639831543
2017-04-07,41.03912353515625
2017-04-10,41.04210662841797
2017-04-11,40.97343063354492
2017-04-12,41.02170181274414
2017-04-13,40.98387908935547
2017-04-17,41.66117477416992
2017-04-18,41.64375686645508
2017-04-19,41.71292495727539
2017-04-20,41.884117126464844
2017-04-21,41.96075439453125
2017-04-24,42.93463897705078
2017-04-25,43.409393310546875
2017-04-26,43.38102722167969
2017-04-27,43.50643539428711
2017-04-28,45.0844612121582
2017-05-01,45.41340255737305
2017-05-02,45.60598373413086
2017-05-03,46.13349151611328
2017-05-04,46.3634033203125
2017-05-05,46.137969970703125
2017-05-08,46.494773864746094
2017-05-09,46.3887825012207
2017-05-10,46.22007751464844
2017-05-11,46.31064987182617
2017-05-12,46.391265869140625
2017-05-15,46.63312530517578
2017-05-16,46.927730560302734
2017-05-17,45.76423645019531
2017-05-18,46.29273986816406
2017-05-19,46.480350494384766
2017-05-22,46.870994567871094
2017-05-23,47.21735763549805
2017-05-24,47.522911071777344
2017-05-25,48.24847412109375
2017-05-26,48.344520568847656
2017-05-30,48.56398010253906
2017-05-31,48.01557540893555
2017-06-01,48.11958312988281
2017-06-02,48.55004119873047
2017-06-05,48.9521369934082
2017-06-06,48.59831619262695
2017-06-07,48.815792083740234
2017-06-08,48.93870544433594
2017-06-09,47.267616271972656
2017-06-12,46.922752380371094
2017-06-13,47.445274353027344
2017-06-14,47.31389617919922
2017-06-15,46.893394470214844
2017-06-16,46.767486572265625
2017-06-19,47.64284133911133
2017-06-20,47.30743408203125
2017-06-21,47.7463493347168
2017-06-22,47.628910064697266
2017-06-23,48.05189895629883
2017-06-26,47.389041900634766
2017-06-27,46.14792251586914
2017-06-28,46.80282211303711
2017-06-29,45.67316818237305
2017-06-30,45.22230529785156
2017-07-03,44.72317123413086
2017-07-05,45.37060546875
2017-07-06,45.12078857421875
2017-07-07,45.712982177734375
2017-07-10,46.221073150634766
2017-07-11,46.285274505615234
2017-07-12,46.96903610229492
2017-07-13,47.13475036621094
2017-07-14,47.57416534423828
2017-07-17,47.4462776184082
2017-07-18,48.042449951171875
2017-07-19,48.315650939941406
2017-07-20,48.179298400878906
2017-07-21,48.41667556762695
2017-07-24,48.78592300415039
2017-07-25,47.310909271240234
2017-07-26,47.166595458984375
2017-07-27,46.48432922363281
2017-07-28,46.854576110839844
2017-07-31,46.30567932128906
2017-08-01,46.32209777832031
2017-08-02,46.30020523071289
2017-08-03,45.96479034423828
2017-08-04,46.17927169799805
2017-08-07,46.24894332885742
2017-08-08,46.12104797363281
2017-08-09,45.927467346191406
2017-08-10,45.14815902709961
2017-08-11,45.50397491455078
2017-08-14,45.916019439697266
2017-08-15,45.89362716674805
2017-08-16,46.12950897216797
2017-08-17,45.33427429199219
2017-08-18,45.31884765625
2017-08-21,45.11929702758789
2017-08-22,46.01654815673828
2017-08-23,46.131500244140625
2017-08-24,45.84684753417969
2017-08-25,45.57862091064453
2017-08-28,45.4751091003418
2017-08-29,45.847347259521484
2017-08-30,46.2593994140625
2017-08-31,46.74509048461914
2017-09-01,46.646060943603516
2017-09-05,46.20365905761719
2017-09-06,46.171810150146484
2017-09-07,46.5768928527832
2017-09-08,46.10661697387695
2017-09-11,46.235008239746094
2017-09-12,46.38380813598633
2017-09-13,46.534095764160156
2017-09-14,46.037445068359375
2017-09-15,45.797576904296875
2017-09-18,45.53432846069336
2017-09-19,45.87322235107422
2017-09-20,46.35942077636719
2017-09-21,46.40271759033203
2017-09-22,46.207637786865234
2017-09-25,45.8314208984375
2017-09-26,46.02500915527344
2017-09-27,47.00187683105469
2017-09-28,47.25119400024414
2017-09-29,47.72943115234375
2017-10-02,47.43880844116211
2017-10-03,47.66374206542969
2017-10-04,47.359683990478516
2017-10-05,48.269371032714844
2017-10-06,48.71377182006836
2017-10-09,48.619712829589844
2017-10-10,48.400753021240234
2017-10-11,49.229331970214844
2017-10-12,49.158660888671875
2017-10-13,49.25072479248047
2017-10-16,49.36617660522461
2017-10-17,49.37513732910156
2017-10-18,49.40648651123047
2017-10-19,48.990455627441406
2017-10-20,49.17707443237305
2017-10-23,48.19423294067383
2017-10-24,48.29823684692383
2017-10-25,48.437076568603516
2017-10-26,48.39876174926758
2017-10-27,50.72325134277344
2017-10-30,50.615760803222656
2017-10-31,50.59237289428711
2017-11-01,51.03328323364258
2017-11-02,51.037261962890625
2017-11-03,51.380638122558594
2017-11-06,51.05318832397461
2017-11-07,51.422935485839844
2017-11-08,51.747406005859375
2017-11-09,51.319923400878906
2017-11-10,51.16117477416992
2017-11-13,51.04572296142578
2017-11-14,51.058162689208984
2017-11-15,50.804866790771484
2017-11-16,51.38163375854492
2017-11-17,50.71429443359375
2017-11-20,50.67896270751953
2017-11-21,51.48066329956055
2017-11-22,51.55381774902344
2017-11-24,51.785221099853516
2017-11-27,52.462013244628906
2017-11-28,52.12361526489258
2017-11-29,50.842185974121094
2017-11-30,50.829750061035156
2017-12-01,50.2703971862793
2017-12-04,49.69860076904297
2017-12-05,50.02057647705078
2017-12-06,50.67896270751953
2017-12-07,51.303504943847656
2017-12-08,51.608062744140625
2017-12-11,51.80960464477539
2017-12-12,51.77874755859375
2017-12-13,51.785221099853516
2017-12-14,52.210208892822266
2017-12-15,52.95866012573242
2017-12-18,53.60310745239258
2017-12-19,53.28163528442383
2017-12-20,52.996482849121094
2017-12-21,52.9307975769043
2017-12-22,52.75612258911133
2017-12-26,52.58791732788086
2017-12-27,52.221153259277344
2017-12-28,52.15994644165039
2017-12-29,52.0733528137207
2018-01-02,52.99897003173828
2018-01-03,53.86885452270508
2018-01-04,54.063926696777344
2018-01-05,54.85169219970703
2018-01-08,55.086082458496094
2018-01-09,55.05224609375
2018-01-10,54.870609283447266
2018-01-11,55.01542282104492
2018-01-12,55.84847640991211
2018-01-16,55.8235969543457
2018-01-17,56.332183837890625
2018-01-18,56.22319793701172
2018-01-19,56.607383728027344
2018-01-22,57.51806640625
2018-01-23,58.22273254394531
2018-01-24,57.937583923339844
2018-01-25,58.242637634277344
2018-01-26,58.51484680175781
2018-01-29,58.50190734863281
2018-01-30,57.910213470458984
2018-01-31,58.22123718261719
2018-02-01,58.109764099121094
2018-02-02,55.33292007446289
2018-02-05,52.541141510009766
2018-02-06,53.77529525756836
2018-02-07,52.181846618652344
2018-02-08,49.839935302734375
2018-02-09,51.644386291503906
2018-02-12,52.34905242919922
2018-02-13,52.35700988769531
2018-02-14,53.23286819458008
2018-02-15,54.21919631958008
2018-02-16,54.48194885253906
2018-02-20,54.86314392089844
2018-02-21,55.3050537109375
2018-02-22,55.07066345214844
2018-02-23,56.073909759521484
2018-02-26,56.91790771484375
2018-02-27,55.65091323852539
2018-02-28,54.976104736328125
2018-03-01,53.22391128540039
2018-03-02,53.69169235229492
2018-03-05,54.289363861083984
2018-03-06,54.4948844909668
2018-03-07,55.2204475402832
2018-03-08,56.03459167480469
2018-03-09,57.72856521606445
2018-03-12,57.95051956176758
2018-03-13,56.64022445678711
2018-03-14,57.203556060791016
2018-03-15,57.208038330078125
2018-03-16,56.518798828125
2018-03-19,54.73176574707031
2018-03-20,54.626766204833984
2018-03-21,54.286869049072266
2018-03-22,52.206722259521484
2018-03-23,50.83770751953125
2018-03-26,52.41225051879883
2018-03-27,50.01809310913086
2018-03-28,49.99121856689453
2018-03-29,51.34629821777344
2018-04-02,50.086273193359375
2018-04-03,50.43163299560547
2018-04-04,51.0153694152832
2018-04-05,51.14823532104492
2018-04-06,50.1146354675293
2018-04-09,50.53314971923828
2018-04-10,51.338836669921875
2018-04-11,50.758087158203125
2018-04-12,51.38212966918945
2018-04-13,51.22089767456055
2018-04-16,51.65433883666992
2018-04-17,53.45481872558594
2018-04-18,53.3513069152832
2018-04-19,54.12862014770508
2018-04-20,53.39509582519531
2018-04-23,53.12089538574219
2018-04-24,50.758583068847656
2018-04-25,50.818302154541016
2018-04-26,51.75685501098633
2018-04-27,51.259708404541016
2018-04-30,50.626708984375
2018-05-01,51.62099838256836
2018-05-02,50.97754669189453
2018-05-03,50.9447021484375
2018-05-04,52.163429260253906
2018-05-07,52.490875244140625
2018-05-08,52.447086334228516
2018-05-09,53.882789611816406
2018-05-10,54.61979675292969
2018-05-11,54.65413284301758
2018-05-14,54.750675201416016
2018-05-15,53.707115173339844
2018-05-16,53.833518981933594
2018-05-17,53.67527389526367
2018-05-18,53.066654205322266
2018-05-21,53.72453689575195
2018-05-22,53.23435592651367
2018-05-23,53.73000717163086
2018-05-24,53.707618713378906
2018-05-25,53.529457092285156
2018-05-29,52.766075134277344
2018-05-30,53.138309478759766
2018-05-31,53.9937629699707
2018-06-01,55.711124420166016
2018-06-04,56.695960998535156
2018-06-05,56.714378356933594
2018-06-06,56.57603073120117
2018-06-07,55.928096771240234
2018-06-08,55.77930450439453
2018-06-11,56.233154296875
2018-06-12,56.69745635986328
2018-06-13,56.47201919555664
2018-06-14,57.33443832397461
2018-06-15,57.34140396118164
2018-06-18,58.39640808105469
2018-06-19,58.127681732177734
2018-06-20,58.21626281738281
2018-06-21,57.61013412475586
2018-06-22,57.501644134521484
2018-06-25,55.97537612915039
2018-06-26,55.65937042236328
2018-06-27,54.93878173828125
2018-06-28,55.448368072509766
2018-06-29,55.51953887939453
2018-07-02,56.10725402832031
2018-07-03,54.884544372558594
2018-07-05,55.94850158691406
2018-07-06,56.73975372314453
2018-07-09,57.430477142333984
2018-07-10,57.370262145996094
2018-07-11,57.42301559448242
2018-07-12,58.89504623413086
2018-07-13,59.16078567504883
2018-07-16,58.91395568847656
2018-07-17,59.657432556152344
2018-07-18,59.512123107910156
2018-07-19,59.0682258605957
2018-07-20,58.966209411621094
2018-07-23,59.99085998535156
2018-07-24,62.10982131958008
2018-07-25,62.88713836669922
2018-07-26,63.117549896240234
2018-07-27,61.63307571411133
2018-07-30,60.699501037597656
2018-07-31,60.57608413696289
2018-08-01,60.71293640136719
2018-08-02,61.018489837646484
2018-08-03,60.89706802368164
2018-08-06,60.94981384277344
2018-08-07,61.81820297241211
2018-08-08,61.98689651489258
2018-08-09,62.160579681396484
2018-08-10,61.58879089355469
2018-08-13,61.45940017700195
2018-08-14,61.812232971191406
2018-08-15,60.43276596069336
2018-08-16,60.040122985839844
2018-08-17,59.76492691040039
2018-08-20,60.10382080078125
2018-08-21,59.79777145385742
2018-08-22,60.08192443847656
2018-08-23,59.984886169433594
2018-08-24,60.744781494140625
2018-08-27,61.79829406738281
2018-08-28,61.26730728149414
2018-08-29,62.1705322265625
2018-08-30,61.66393280029297
2018-08-31,60.62236785888672
2018-09-04,59.5678596496582
2018-09-05,59.04433822631836
2018-09-06,58.29587936401367
2018-09-07,57.966941833496094
2018-09-10,57.95748519897461
2018-09-11,58.59048843383789
2018-09-12,57.86691665649414
2018-09-13,58.48946762084961
2018-09-14,58.350128173828125
2018-09-17,57.5300178527832
2018-09-18,57.787296295166016
2018-09-19,58.278465270996094
2018-09-20,59.06373977661133
2018-09-21,58.02964401245117
2018-09-24,58.391929626464844
2018-09-25,58.95326614379883
2018-09-26,58.746253967285156
2018-09-27,59.450416564941406
2018-09-28,59.392189025878906
2018-10-01,59.48375701904297
2018-10-02,59.72262954711914
2018-10-03,59.863956451416016
2018-10-04,58.13414764404297
2018-10-05,57.594703674316406
2018-10-08,57.17768478393555
2018-10-09,56.67257308959961
2018-10-10,53.80615234375
2018-10-11,53.71159744262695
2018-10-12,55.24235153198242
2018-10-15,54.35504913330078
2018-10-16,55.799705505371094
2018-10-17,55.521522521972656
2018-10-18,54.14205551147461
2018-10-19,54.56455612182617
2018-10-22,54.79844665527344
2018-10-23,54.924354553222656
2018-10-24,52.287837982177734
2018-10-25,54.520267486572266
2018-10-26,53.32094955444336
2018-10-29,50.7635612487793
2018-10-30,51.566261291503906
2018-10-31,53.58470153808594
2018-11-01,53.2477912902832
2018-11-02,52.64017105102539
2018-11-05,51.75934600830078
2018-11-06,52.5416374206543
2018-11-07,54.41177749633789
2018-11-08,53.8648681640625
2018-11-09,53.05620193481445
2018-11-12,51.68669128417969
2018-11-13,51.55829620361328
2018-11-14,51.9370002746582
2018-11-15,52.98453903198242
2018-11-16,52.82429885864258
2018-11-19,50.75958251953125
2018-11-20,51.04622268676758
2018-11-21,51.635929107666016
2018-11-23,50.95266342163086
2018-11-26,52.18383026123047
2018-11-27,51.974327087402344
2018-11-28,54.05546569824219
2018-11-29,54.15848159790039
2018-11-30,54.46353530883789
2018-12-03,55.060707092285156
2018-12-04,52.293312072753906
2018-12-06,53.184593200683594
2018-12-07,51.58467102050781
2018-12-10,51.73247146606445
2018-12-11,52.339599609375
2018-12-12,52.93328094482422
2018-12-13,52.844703674316406
2018-12-14,51.85936737060547
2018-12-17,50.58689880371094
2018-12-18,51.19302749633789
2018-12-19,50.90937042236328
2018-12-20,50.232574462890625
2018-12-21,48.746116638183594
2018-12-24,48.580902099609375
2018-12-26,51.727989196777344
2018-12-27,51.94795227050781
2018-12-28,51.609554290771484
2018-12-31,51.536399841308594
2019-01-02,52.04598617553711
2019-01-03,50.563507080078125
2019-01-04,53.28312683105469
2019-01-07,53.16767120361328
2019-01-08,53.56031036376953
2019-01-09,53.47969436645508
2019-01-10,53.264217376708984
2019-01-11,52.61031723022461
2019-01-14,51.98826599121094
2019-01-15,53.60360336303711
2019-01-16,53.793704986572266
2019-01-17,54.238101959228516
2019-01-18,54.65413284301758
2019-01-22,53.27367401123047
2019-01-23,53.524986267089844
2019-01-24,53.441871643066406
2019-01-25,54.2923469543457
2019-01-28,53.251773834228516
2019-01-29,52.781002044677734
2019-01-30,54.1963005065918
2019-01-31,55.555362701416016
2019-02-01,55.275691986083984
2019-02-04,56.37299346923828
2019-02-05,57.02938461303711
2019-02-06,55.498634338378906
2019-02-07,54.67652893066406
2019-02-08,54.4948844909668
2019-02-11,54.49239730834961
2019-02-12,55.80418395996094
2019-02-13,55.74396896362305
2019-02-14,55.819114685058594
2019-02-15,55.420005798339844
2019-02-19,55.66435241699219
2019-02-20,55.42746353149414
2019-02-21,54.58993911743164
2019-02-22,55.25677490234375
2019-02-25,55.20851135253906
2019-02-26,55.49365997314453
2019-02-27,55.53944396972656
2019-02-28,55.732025146484375
2019-03-01,56.78055953979492
2019-03-04,57.11945724487305
2019-03-05,57.827606201171875
2019-03-06,57.62009048461914
2019-03-07,56.8955192565918
2019-03-08,56.84674835205078
2019-03-11,58.5108642578125
2019-03-12,59.37874984741211
2019-03-13,59.384727478027344
2019-03-14,58.9980583190918
2019-03-15,58.94381332397461
2019-03-18,58.933860778808594
2019-03-19,59.6599235534668
2019-03-20,60.910003662109375
2019-03-21,61.286720275878906
2019-03-22,59.99085998535156
2019-03-25,59.36880111694336
2019-03-26,58.951778411865234
2019-03-27,58.37451171875
2019-03-28,58.149078369140625
2019-03-29,58.38894271850586
2019-04-01,59.439964294433594
2019-04-02,59.741539001464844
2019-04-03,60.01176071166992
2019-04-04,60.46361541748047
2019-04-05,60.072959899902344
2019-04-08,59.90824890136719
2019-04-09,59.580299377441406
2019-04-10,59.824642181396484
2019-04-11,59.94706344604492
2019-04-12,60.606441497802734
2019-04-15,60.767181396484375
2019-04-16,61.067256927490234
2019-04-17,61.52558517456055
2019-04-18,61.52708053588867
2019-04-22,62.147640228271484
2019-04-23,62.929439544677734
2019-04-24,62.50395584106445
2019-04-25,62.874698638916016
2019-04-26,63.30914306640625
2019-04-29,64.07551574707031
2019-04-30,59.14386749267578
2019-05-01,58.1286735534668
2019-05-02,57.85646438598633
2019-05-03,58.9905891418457
2019-05-06,59.18915557861328
2019-05-07,58.428260803222656
2019-05-08,58.03860092163086
2019-05-09,57.84501647949219
2019-05-10,57.9390754699707
2019-05-13,56.334678649902344
2019-05-14,55.757904052734375
2019-05-15,57.93608474731445
2019-05-16,58.67110824584961
2019-05-17,57.84104537963867
2019-05-20,56.674068450927734
2019-05-21,57.21052169799805
2019-05-22,57.29960250854492
2019-05-23,56.769615173339844
2019-05-24,56.406333923339844
2019-05-28,56.4401741027832
2019-05-29,55.559844970703125
2019-05-30,55.63399124145508
2019-05-31,54.92136764526367
2019-06-03,51.56725311279297
2019-06-04,52.40428924560547
2019-06-05,51.86534118652344
2019-06-06,51.97084426879883
2019-06-07,53.050724029541016
2019-06-10,53.764347076416016
2019-06-11,53.681739807128906
2019-06-12,53.59764099121094
2019-06-13,54.18186950683594
2019-06-14,54.01167297363281
2019-06-17,54.367488861083984
2019-06-18,54.91987609863281
2019-06-19,54.8566780090332
2019-06-20,55.30903244018555
2019-06-21,55.829566955566406
2019-06-24,55.513065338134766
2019-06-25,54.061439514160156
2019-06-26,53.73548889160156
2019-06-27,53.546875
2019-06-28,53.79072189331055
2019-07-01,54.63870620727539
2019-07-02,55.300567626953125
2019-07-03,55.81463623046875
2019-07-05,56.312774658203125
2019-07-08,55.55437469482422
2019-07-09,55.976375579833984
2019-07-10,56.755184173583984
2019-07-11,56.940799713134766
2019-07-12,56.97513961791992
2019-07-15,57.245853424072266
2019-07-16,57.40708923339844
2019-07-17,57.047298431396484
2019-07-18,57.046302795410156
2019-07-19,56.23862838745117
2019-07-22,56.635250091552734
2019-07-23,57.04033279418945
2019-07-24,56.622310638427734
2019-07-25,56.339149475097656
2019-07-26,62.225772857666016
2019-07-29,61.678367614746094
2019-07-30,60.96822738647461
2019-07-31,60.547218322753906
2019-08-01,60.165531158447266
2019-08-02,59.41807174682617
2019-08-05,57.344390869140625
2019-08-06,58.221736907958984
2019-08-07,58.42278289794922
2019-08-08,59.95602035522461
2019-08-09,59.1204833984375
2019-08-12,58.458614349365234
2019-08-13,59.581295013427734
2019-08-14,57.940067291259766
2019-08-15,58.087867736816406
2019-08-16,58.60243606567383
2019-08-19,59.640018463134766
2019-08-20,58.85573196411133
2019-08-21,59.28171157836914
2019-08-22,59.19612121582031
2019-08-23,57.29313278198242
2019-08-26,58.168983459472656
2019-08-27,58.116729736328125
2019-08-28,58.27498245239258
2019-08-29,59.3613395690918
2019-08-30,59.12495422363281
2019-09-03,58.144100189208984
2019-09-04,58.79203414916992
2019-09-05,60.283470153808594
2019-09-06,59.962486267089844
2019-09-09,59.936614990234375
2019-09-10,60.01573181152344
2019-09-11,60.72089767456055
2019-09-12,61.42158126831055
2019-09-13,61.68582534790039
2019-09-16,61.27477264404297
2019-09-17,61.167781829833984
2019-09-18,61.330013275146484
2019-09-19,61.64352798461914
2019-09-20,61.20659637451172
2019-09-23,61.4106330871582
2019-09-24,60.65073013305664
2019-09-25,62.032188415527344
2019-09-26,61.776893615722656
2019-09-27,60.965736389160156
2019-09-30,60.66267776489258
2019-10-01,59.97095489501953
2019-10-02,58.554161071777344
2019-10-03,59.11151885986328
2019-10-04,60.165035247802734
2019-10-07,60.09933853149414
2019-10-08,59.17621612548828
2019-10-09,59.83210754394531
2019-10-10,60.14860534667969
2019-10-11,60.48601150512695
2019-10-14,60.57011413574219
2019-10-15,61.857513427734375
2019-10-16,61.88886642456055
2019-10-17,62.3581428527832
2019-10-18,61.98093032836914
2019-10-21,62.013771057128906
2019-10-22,61.84706497192383
2019-10-23,62.65971755981445
2019-10-24,62.75227737426758
2019-10-25,62.95830154418945
2019-10-28,64.1959457397461
2019-10-29,62.83339309692383
2019-10-30,62.76720428466797
2019-10-31,62.7084846496582
2019-11-01,63.38676834106445
2019-11-04,64.26410675048828
2019-11-05,64.29696655273438
2019-11-06,64.28550720214844
2019-11-07,65.1344985961914
2019-11-08,65.25939178466797
2019-11-11,64.65327453613281
2019-11-12,64.63385772705078
2019-11-13,64.59404754638672
2019-11-14,65.26387786865234
2019-11-15,66.4288558959961
2019-11-18,65.72370910644531
2019-11-19,65.46294403076172
2019-11-20,64.8453598022461
2019-11-21,64.76075744628906
2019-11-22,64.46167755126953
2019-11-25,65.0265121459961
2019-11-26,65.36788940429688
2019-11-27,65.34001159667969
2019-11-29,64.94041442871094
2019-12-02,64.19195556640625
2019-12-03,64.45869445800781
2019-12-04,65.71574401855469
2019-12-05,66.09345245361328
2019-12-06,66.71500396728516
2019-12-09,66.86132049560547
2019-12-10,66.91605377197266
2019-12-11,66.93396759033203
2019-12-12,67.19523620605469
2019-12-13,67.07381439208984
2019-12-16,67.73766326904297
2019-12-17,67.43658447265625
2019-12-18,67.31217956542969
2019-12-19,67.48237609863281
2019-12-20,67.1613998413086
2019-12-23,67.12406921386719
2019-12-24,66.86132049560547
2019-12-26,67.6993408203125
2019-12-27,67.27584838867188
2019-12-30,66.49205780029297
2019-12-31,66.53585052490234
2020-01-02,68.04620361328125
2020-01-03,67.7122802734375
2020-01-06,69.38187408447266
2020-01-07,69.33858489990234
2020-01-08,69.88499450683594
2020-01-09,70.6568374633789
2020-01-10,71.1495132446289
2020-01-13,71.62226867675781
2020-01-14,71.20673370361328
2020-01-15,71.62077331542969
2020-01-16,72.2428207397461
2020-01-17,73.6705551147461
2020-01-21,73.8701171875
2020-01-22,73.94725799560547
2020-01-23,73.98209381103516
2020-01-24,72.98979187011719
2020-01-27,71.35702514648438
2020-01-28,72.28562927246094
2020-01-29,72.58769226074219
2020-01-30,72.44883728027344
2020-01-31,71.37344360351562
2020-02-03,73.9467544555664
2020-02-04,72.01241302490234
2020-02-05,72.07014465332031
2020-02-06,73.46353912353516
2020-02-07,73.61283874511719
2020-02-10,75.0783920288086
2020-02-11,75.08386993408203
2020-02-12,75.55563354492188
2020-02-13,75.37598419189453
2020-02-14,75.67855834960938
2020-02-18,75.62530517578125
2020-02-19,75.97464752197266
2020-02-20,75.5496597290039
2020-02-21,73.90544891357422
2020-02-24,70.74441528320312
2020-02-25,69.09523010253906
2020-02-26,69.33061218261719
2020-02-27,65.59381866455078
2020-02-28,66.65081024169922
2020-03-02,69.12806701660156
2020-03-03,66.75332641601562
2020-03-04,68.99919128417969
2020-03-05,65.6410903930664
2020-03-06,64.61445617675781
2020-03-09,60.491485595703125
2020-03-10,63.71770477294922
2020-03-11,60.48401641845703
2020-03-12,55.48270797729492
2020-03-13,60.69900131225586
2020-03-16,53.960914611816406
2020-03-17,55.72605514526367
2020-03-18,54.581478118896484
2020-03-19,55.501617431640625
2020-03-20,53.363250732421875
2020-03-23,52.581947326660156
2020-03-24,56.455596923828125
2020-03-25,54.86463928222656
2020-03-26,57.81367111206055
2020-03-27,55.2736930847168
2020-03-30,57.0706901550293
2020-03-31,57.866416931152344
2020-04-01,55.0203971862793
2020-04-02,55.777809143066406
2020-04-03,54.635223388671875
2020-04-06,59.06623840332031
2020-04-07,59.045833587646484
2020-04-08,60.22873306274414
2020-04-09,60.28695297241211
2020-04-13,60.59101104736328
2020-04-14,63.16232681274414
2020-04-15,62.825927734375
2020-04-16,62.87569046020508
2020-04-17,63.86003112792969
2020-04-20,63.03194808959961
2020-04-21,60.530296325683594
2020-04-22,62.862754821777344
2020-04-23,63.5146598815918
2020-04-24,63.66395950317383
2020-04-27,63.49326705932617
2020-04-28,61.39271545410156
2020-04-29,66.75780487060547
2020-04-30,67.1151123046875
2020-05-01,65.71922302246094
2020-05-04,66.02725982666016
2020-05-05,67.23703002929688
2020-05-06,67.04743957519531
2020-05-07,68.30447387695312
2020-05-08,69.09125518798828
2020-05-11,69.83223724365234
2020-05-12,68.46273803710938
2020-05-13,67.1484603881836
2020-05-14,67.48685455322266
2020-05-15,68.3358383178711
2020-05-18,68.87080383300781
2020-05-19,68.35050201416016
2020-05-20,70.00443267822266
2020-05-21,69.8093490600586
2020-05-22,70.18855285644531
2020-05-26,70.5169906616211
2020-05-27,70.55780029296875
2020-05-28,70.50257110595703
2020-05-29,71.10919952392578
2020-06-01,71.2535171508789
2020-06-02,71.62176513671875
2020-06-03,71.48043823242188
2020-06-04,70.27613830566406
2020-06-05,71.58045959472656
2020-06-08,71.9895248413086
2020-06-09,72.46477508544922
2020-06-10,72.94699096679688
2020-06-11,69.86109924316406
2020-06-12,70.3259048461914
2020-06-15,70.65782928466797
2020-06-16,71.79594421386719
2020-06-17,72.21395874023438
2020-06-18,71.45952606201172
2020-06-19,71.24853515625
2020-06-22,72.25079345703125
2020-06-23,72.87532806396484
2020-06-24,71.26097869873047
2020-06-25,71.72676086425781
2020-06-26,67.6744613647461
2020-06-29,69.4197006225586
2020-06-30,70.34729766845703
2020-07-01,71.56304168701172
2020-07-02,72.88976287841797
2020-07-06,74.43245697021484
2020-07-07,73.908935546875
2020-07-08,74.44738006591797
2020-07-09,75.19334411621094
2020-07-10,76.72359466552734
2020-07-13,75.21076965332031
2020-07-14,75.67058563232422
2020-07-15,75.32523345947266
2020-07-16,75.54219818115234
2020-07-17,75.4202651977539
2020-07-20,77.91695404052734
2020-07-21,77.55366516113281
2020-07-22,78.05479431152344
2020-07-23,75.42674255371094
2020-07-24,75.23714447021484
2020-07-27,76.14932250976562
2020-07-28,74.66336059570312
2020-07-29,75.74224853515625
2020-07-30,76.21154022216797
2020-07-31,73.79845428466797
2020-08-03,73.37496185302734
2020-08-04,72.9031982421875
2020-08-05,73.33316040039062
2020-08-06,74.65141296386719
2020-08-07,74.37223815917969
2020-08-10,74.45235443115234
2020-08-11,73.66708374023438
2020-08-12,74.97588348388672
2020-08-13,75.56459045410156
2020-08-14,75.03111267089844
2020-08-17,75.54119873046875
2020-08-18,77.56262969970703
2020-08-19,77.01173400878906
2020-08-20,78.71466827392578
2020-08-21,78.64849090576172
2020-08-24,79.03565979003906
2020-08-25,80.03193664550781
2020-08-26,82.22952270507812
2020-08-27,81.3312759399414
2020-08-28,81.83290100097656
2020-08-31,81.32380676269531
2020-09-01,82.64405822753906
2020-09-02,86.00663757324219
2020-09-03,81.70501708984375
2020-09-04,79.1769790649414
2020-09-08,76.25830841064453
2020-09-09,77.48101043701172
2020-09-10,76.2398910522461
2020-09-11,75.67755889892578
2020-09-14,75.60589599609375
2020-09-15,76.70866394042969
2020-09-16,75.68650817871094
2020-09-17,74.42398834228516
2020-09-18,72.6553726196289
2020-09-21,71.22066497802734
2020-09-22,72.92758178710938
2020-09-23,70.42692565917969
2020-09-24,71.07783508300781
2020-09-25,71.90740966796875
2020-09-28,72.88079833984375
2020-09-29,73.12017059326172
2020-09-30,73.13360595703125
2020-10-01,74.15327453613281
2020-10-02,72.57723236083984
2020-10-05,73.95073699951172
2020-10-06,72.32940673828125
2020-10-07,72.67029571533203
2020-10-08,73.94625854492188
2020-10-09,75.40385437011719
2020-10-12,78.08763122558594
2020-10-13,78.21354675292969
2020-10-14,78.03439331054688
2020-10-15,77.58900451660156
2020-10-16,78.27972412109375
2020-10-19,76.3687744140625
2020-10-20,77.42976379394531
2020-10-21,79.28994750976562
2020-10-22,80.38574981689453
2020-10-23,81.66321563720703
2020-10-26,79.14761352539062
2020-10-27,79.83486938476562
2020-10-28,75.47352600097656
2020-10-29,77.99259185791016
2020-10-30,80.66841888427734
2020-11-02,80.9182357788086
2020-11-03,82.12153625488281
2020-11-04,87.0442123413086
2020-11-05,87.75286102294922
2020-11-06,87.6722412109375
2020-11-09,87.73445129394531
2020-11-10,86.6092758178711
2020-11-11,87.22237396240234
2020-11-12,87.07954406738281
2020-11-13,88.4321517944336
2020-11-16,88.64911651611328
2020-11-17,88.09027099609375
2020-11-18,86.9272689819336
2020-11-19,87.78022766113281
2020-11-20,86.6988525390625
2020-11-23,86.3340835571289
2020-11-24,88.02706146240234
2020-11-25,88.15396118164062
2020-11-27,89.2368392944336
2020-11-30,87.62199401855469
2020-12-01,89.48117065429688
2020-12-02,90.96663665771484
2020-12-03,90.90792083740234
2020-12-04,90.9686279296875
2020-12-07,90.54513549804688
2020-12-08,90.49885559082031
2020-12-09,88.78596496582031
2020-12-10,88.34803771972656
2020-12-11,88.66852569580078
2020-12-14,87.58814239501953
2020-12-15,87.97181701660156
2020-12-16,87.73445129394531
2020-12-17,86.9830093383789
2020-12-18,86.14248657226562
2020-12-21,86.55851745605469
2020-12-22,85.76876068115234
2020-12-23,86.21066284179688
2020-12-24,86.53263854980469
2020-12-28,88.38587188720703
2020-12-29,87.5214614868164
2020-12-30,86.56597900390625
2020-12-31,87.18107604980469
2021-01-04,86.00464630126953
2021-01-05,86.63565826416016
2021-01-06,86.35547637939453
2021-01-07,88.94123840332031
2021-01-08,89.93452453613281
2021-01-11,87.91956329345703
2021-01-12,86.91583251953125
2021-01-13,87.30648040771484
2021-01-14,86.59883117675781
2021-01-15,86.40027618408203
2021-01-19,89.12088012695312
2021-01-20,93.9002456665039
2021-01-21,94.1167221069336
2021-01-22,94.60440826416016
2021-01-25,94.52230072021484
2021-01-26,95.41009521484375
2021-01-27,91.10796356201172
2021-01-28,92.71635437011719
2021-01-29,91.35430145263672
2021-02-01,94.61933898925781
2021-02-02,95.92117309570312
2021-02-03,103.01557922363281
2021-02-04,102.63238525390625
2021-02-05,104.4054946899414
2021-02-08,104.15218353271484
2021-02-09,103.68439483642578
2021-02-10,104.27510070800781
2021-02-11,104.30048370361328
2021-02-12,104.70954132080078
2021-02-16,105.59485626220703
2021-02-17,105.9138412475586
2021-02-18,105.3609619140625
2021-02-19,104.56173706054688
2021-02-22,102.75729370117188
2021-02-23,103.05488586425781
2021-02-24,104.26466369628906
2021-02-25,101.08919525146484
2021-02-26,101.36289978027344
2021-03-01,103.58486938476562
2021-03-02,103.3027114868164
2021-03-03,100.85779571533203
2021-03-04,101.97151947021484
2021-03-05,104.93000793457031
2021-03-08,100.73139190673828
2021-03-09,102.15116882324219
2021-03-10,102.26712799072266
2021-03-11,105.24003601074219
2021-03-12,102.60999298095703
2021-03-15,102.83741760253906
2021-03-16,104.13277435302734
2021-03-17,104.06111907958984
2021-03-18,101.33104705810547
2021-03-19,101.67840576171875
2021-03-22,101.44898223876953
2021-03-23,102.16410827636719
2021-03-24,101.77096557617188
2021-03-25,101.73613739013672
2021-03-26,101.2977066040039
2021-03-29,102.31290435791016
2021-03-30,102.29249572753906
2021-03-31,102.94391632080078
2021-04-01,106.38361358642578
2021-04-05,110.75292205810547
2021-04-06,110.71311950683594
2021-04-07,111.95374298095703
2021-04-08,112.73802185058594
2021-04-09,113.75519561767578
2021-04-12,112.20803833007812
2021-04-13,112.82909393310547
2021-04-14,112.21051025390625
2021-04-15,114.29166412353516
2021-04-16,114.34639739990234
2021-04-19,114.57731628417969
2021-04-20,114.14088439941406
2021-04-21,114.12395477294922
2021-04-22,112.86144256591797
2021-04-23,115.21926879882812
2021-04-26,115.78857421875
2021-04-27,114.81221008300781
2021-04-28,118.4345474243164
2021-04-29,120.9217529296875
2021-04-30,119.93790435791016
2021-05-03,119.19393920898438
2021-05-04,117.1575927734375
2021-05-05,117.281494140625
2021-05-06,118.5062026977539
2021-05-07,119.3691177368164
2021-05-10,116.53105163574219
2021-05-11,114.89381408691406
2021-05-12,111.42623901367188
2021-05-13,112.56533813476562
2021-05-14,115.26205444335938
2021-05-17,115.52332305908203
2021-05-18,114.62857055664062
2021-05-19,114.89132690429688
2021-05-20,117.24915313720703
2021-05-21,116.70223999023438
2021-05-24,119.7662353515625
2021-05-25,119.88565826416016
2021-05-26,121.10289764404297
2021-05-27,119.55921936035156
2021-05-28,120.00958251953125
2021-06-01,120.91777801513672
2021-06-02,120.4932861328125
2021-06-03,119.6637191772461
2021-06-04,122.01010131835938
2021-06-07,122.72322082519531
2021-06-08,123.55728149414062
2021-06-09,123.98275756835938
2021-06-10,125.48564147949219
2021-06-11,125.10395050048828
2021-06-14,125.75635528564453
2021-06-15,125.43885803222656
2021-06-16,125.10395050048828
2021-06-17,125.7752685546875
2021-06-18,124.97555541992188
2021-06-21,125.85887908935547
2021-06-22,126.40080261230469
2021-06-23,125.86534881591797
2021-06-24,126.68196868896484
2021-06-25,126.3963394165039
2021-06-28,126.22166442871094
2021-06-29,125.4244384765625
2021-06-30,124.7252426147461
2021-07-01,125.77278900146484
2021-07-02,128.1121826171875
2021-07-06,129.15924072265625
2021-07-07,129.46429443359375
2021-07-08,128.5680389404297
2021-07-09,128.9636688232422
2021-07-12,129.94851684570312
2021-07-13,130.3769989013672
2021-07-14,131.45985412597656
2021-07-15,130.64767456054688
2021-07-16,131.22396850585938
2021-07-19,128.64468383789062
2021-07-20,130.4834747314453
2021-07-21,131.97540283203125
2021-07-22,132.69998168945312
2021-07-23,137.16632080078125
2021-07-26,138.9862060546875
2021-07-27,136.151611328125
2021-07-28,135.73858642578125
2021-07-29,135.89683532714844
2021-07-30,134.5835418701172
2021-08-02,135.34841918945312
2021-08-03,135.63755798339844
2021-08-04,135.3872528076172
2021-08-05,136.29446411132812
2021-08-06,136.38999938964844
2021-08-09,137.3514404296875
2021-08-10,137.44549560546875
2021-08-11,137.0404052734375
2021-08-12,137.7371063232422
2021-08-13,137.75355529785156
2021-08-16,138.26113891601562
2021-08-17,136.65325927734375
2021-08-18,135.9261932373047
2021-08-19,136.26808166503906
2021-08-20,137.78440856933594
2021-08-23,140.43434143066406
2021-08-24,141.72720336914062
2021-08-25,142.27610778808594
2021-08-26,141.45301818847656
2021-08-27,143.8690643310547
2021-08-30,144.7837371826172
2021-08-31,144.77627563476562
2021-09-01,145.1544647216797
2021-09-02,143.5391387939453
2021-09-03,144.09249877929688
2021-09-07,144.83299255371094
2021-09-08,144.20050048828125
2021-09-09,144.2303466796875
2021-09-10,141.25196838378906
2021-09-13,142.7886962890625
2021-09-14,142.72996520996094
2021-09-15,144.52146911621094
2021-09-16,143.69290161132812
2021-09-17,140.796630859375
2021-09-20,138.3616485595703
2021-09-21,138.98818969726562
2021-09-22,140.27410888671875
2021-09-23,141.1579132080078
2021-09-24,141.96060180664062
2021-09-27,140.8339385986328
2021-09-28,135.54202270507812
2021-09-29,133.8868408203125
2021-09-30,132.63726806640625
2021-10-01,135.81919860839844
2021-10-04,133.13441467285156
2021-10-05,135.53504943847656
2021-10-06,136.7064971923828
2021-10-07,138.5293731689453
2021-10-08,139.395751953125
2021-10-11,138.19296264648438
2021-10-12,136.06851196289062
2021-10-13,137.24990844726562
2021-10-14,140.74537658691406
2021-10-15,141.0071258544922
2021-10-18,142.28656005859375
2021-10-19,143.1439971923828
2021-10-20,141.74362182617188
2021-10-21,142.10740661621094
2021-10-22,137.97152709960938
2021-10-25,138.11880493164062
2021-10-26,139.01358032226562
2021-10-27,145.7372283935547
2021-10-28,145.4401397705078
2021-10-29,147.571533203125
2021-11-01,143.0962371826172
2021-11-02,145.17538452148438
2021-11-03,146.09800720214844
2021-11-04,147.98208618164062
2021-11-05,148.53746032714844
2021-11-08,148.64744567871094
2021-11-09,148.544921875
2021-11-10,145.93479919433594
2021-11-11,146.0561981201172
2021-11-12,148.94004821777344
2021-11-15,148.6837615966797
2021-11-16,148.37322998046875
2021-11-17,148.3592987060547
2021-11-18,149.99853515625
2021-11-19,149.24560546875
2021-11-22,146.38516235351562
2021-11-23,146.06517028808594
2021-11-24,146.02584838867188
2021-11-26,142.13278198242188
2021-11-29,145.42520141601562
2021-11-30,141.78045654296875
2021-12-01,140.9503936767578
2021-12-02,143.09872436523438
2021-12-03,141.8486328125
2021-12-06,143.1186065673828
2021-12-07,147.338623046875
2021-12-08,148.0194091796875
2021-12-09,147.40780639648438
2021-12-10,147.97413635253906
2021-12-13,146.01290893554688
2021-12-14,144.28709411621094
2021-12-15,146.6737823486328
2021-12-16,144.15573120117188
2021-12-17,142.1298065185547
2021-12-20,141.73019409179688
2021-12-21,143.5406494140625
2021-12-22,146.25625610351562
2021-12-23,146.44886779785156
2021-12-27,147.36598205566406
2021-12-28,145.7576141357422
2021-12-29,145.81385803222656
2021-12-30,145.31422424316406
2021-12-31,143.99746704101562
2022-01-03,144.3905792236328
2022-01-04,143.73570251464844
2022-01-05,137.0045928955078
2022-01-06,136.90255737304688
2022-01-07,136.358642578125
2022-01-10,137.9207305908203
2022-01-11,139.35743713378906
2022-01-12,140.98023986816406
2022-01-13,138.47511291503906
2022-01-14,139.1275177001953
2022-01-18,135.6479949951172
2022-01-19,135.01251220703125
2022-01-20,132.87713623046875
2022-01-21,129.47872924804688
2022-01-24,129.7574005126953
2022-01-25,126.1380386352539
2022-01-26,128.63075256347656
2022-01-27,128.51231384277344
2022-01-28,132.66114807128906
2022-01-31,135.05880737304688
2022-02-01,137.228515625
2022-02-02,147.338623046875
2022-02-03,141.97802734375
2022-02-04,142.341796875
2022-02-07,138.28302001953125
2022-02-08,138.55673217773438
2022-02-09,140.7861785888672
2022-02-10,137.9490966796875
2022-02-11,133.49769592285156
2022-02-14,134.6621856689453
2022-02-15,135.78237915039062
2022-02-16,136.83935546875
2022-02-17,131.68478393554688
2022-02-18,129.8524627685547
2022-02-22,128.79248046875
2022-02-23,126.9835433959961
2022-02-24,132.0480499267578
2022-02-25,133.88536071777344
2022-02-28,134.255126953125
2022-03-01,133.5355224609375
2022-03-02,134.1162567138672
2022-03-03,133.6748504638672
2022-03-04,131.49916076660156
2022-03-07,125.86833190917969
2022-03-08,126.67849731445312
2022-03-09,133.2349395751953
2022-03-10,132.0565185546875
2022-03-11,129.86041259765625
2022-03-14,126.14351654052734
2022-03-15,129.0492706298828
2022-03-16,133.06027221679688
2022-03-17,133.96597290039062
2022-03-18,136.15658569335938
2022-03-21,135.83511352539062
2022-03-22,139.6162109375
2022-03-23,137.8505859375
2022-03-24,140.6458282470703
2022-03-25,140.85435485839844
2022-03-28,141.2808380126953
2022-03-29,142.57470703125
2022-03-30,141.9720458984375
2022-03-31,138.99118041992188
2022-04-01,140.03671264648438
2022-04-04,142.96534729003906
2022-04-05,140.39801025390625
2022-04-06,136.52931213378906
2022-04-07,135.82167053222656
2022-04-08,133.37875366210938
2022-04-11,129.18463134765625
2022-04-12,127.76932525634766
2022-04-13,129.67181396484375
2022-04-14,126.6530990600586
2022-04-18,127.35777282714844
2022-04-19,129.9156494140625
2022-04-20,127.64093780517578
2022-04-21,124.3485336303711
2022-04-22,119.05012512207031
2022-04-25,122.66898345947266
2022-04-26,118.942626953125
2022-04-27,114.478271484375
2022-04-28,118.84858703613281
2022-04-29,114.42453002929688
2022-05-02,116.60469818115234
2022-05-03,117.57262420654297
2022-05-04,121.99716186523438
2022-05-05,116.1961441040039
2022-05-06,115.11476135253906
2022-05-09,112.5509033203125
2022-05-10,114.0443344116211
2022-05-11,113.42377471923828
2022-05-12,112.62754821777344
2022-05-13,115.96622467041016
2022-05-16,114.25135803222656
2022-05-17,116.15135192871094
2022-05-18,111.87113189697266
2022-05-19,110.22343444824219
2022-05-20,108.79769134521484
2022-05-23,111.14008331298828
2022-05-24,105.4266586303711
2022-05-25,105.34056091308594
2022-05-26,107.78548431396484
2022-05-27,112.26725769042969
2022-05-31,113.50140380859375
2022-06-01,113.59893798828125
2022-06-02,117.19093322753906
2022-06-03,114.02393341064453
2022-06-06,116.45889282226562
2022-06-07,116.67687225341797
2022-06-08,116.68531799316406
2022-06-09,114.37625885009766
2022-06-10,110.90220642089844
2022-06-13,106.3726806640625
2022-06-14,106.68867492675781
2022-06-15,109.87010955810547
2022-06-16,106.13330841064453
2022-06-17,107.35701751708984
2022-06-21,111.48694610595703
2022-06-22,111.50585174560547
2022-06-23,112.1532974243164
2022-06-24,117.97920227050781
2022-06-27,116.07272338867188
2022-06-28,112.04083251953125
2022-06-29,111.72731018066406
2022-06-30,108.85690307617188
2022-07-01,108.56678009033203
2022-07-05,113.3501205444336
2022-07-06,114.67037200927734
2022-07-07,118.74356842041016
2022-07-08,119.60201263427734
2022-07-11,115.97319030761719
2022-07-12,114.30809020996094
2022-07-13,111.65814208984375
2022-07-14,110.91465759277344
2022-07-15,112.23539733886719
2022-07-18,109.3918685913086
2022-07-19,114.07966613769531
2022-07-20,114.15928649902344
2022-07-21,114.4976806640625
2022-07-22,107.84917449951172
2022-07-25,107.69988250732422
2022-07-26,104.94294738769531
2022-07-27,113.0644760131836
2022-07-28,114.0498046875
2022-07-29,116.09014129638672
2022-08-01,114.93560791015625
2022-08-02,115.3536376953125
2022-08-03,118.22006225585938
2022-08-04,118.30963134765625
2022-08-05,117.6626968383789
2022-08-08,117.58306884765625
2022-08-09,116.94608306884766
2022-08-10,120.08124542236328
2022-08-11,119.2551498413086
2022-08-12,122.07180786132812
2022-08-15,122.30072021484375
2022-08-16,121.9324722290039
2022-08-17,119.75279235839844
2022-08-18,120.2902603149414
2022-08-19,117.56317138671875
2022-08-22,114.52754211425781
2022-08-23,114.22895812988281
2022-08-24,114.15928649902344
2022-08-25,117.14514923095703
2022-08-26,110.77531433105469
2022-08-29,109.81983947753906
2022-08-30,109.3918685913086
2022-08-31,108.63545227050781
2022-09-01,110.02886199951172
2022-09-02,108.16767120361328
2022-09-06,106.97332763671875
2022-09-07,109.95918273925781
2022-09-08,108.9041748046875
2022-09-09,111.25305938720703
2022-09-12,111.34263610839844
2022-09-13,104.81355285644531
2022-09-14,105.37091827392578
2022-09-15,103.41020202636719
2022-09-16,103.14147186279297
2022-09-19,103.36044311523438
2022-09-20,101.34996032714844
2022-09-21,99.53853607177734
2022-09-22,100.09590148925781
2022-09-23,98.70249938964844
2022-09-26,98.34419250488281
2022-09-27,97.6275863647461
2022-09-28,100.26509857177734
2022-09-29,97.6275863647461
2022-09-30,95.69673919677734
2022-10-03,98.83189392089844
2022-10-04,101.92723846435547
2022-10-05,101.73812103271484
2022-10-06,101.75802612304688
2022-10-07,99.10062408447266
2022-10-10,98.24466705322266
2022-10-11,97.58778381347656
2022-10-12,97.83660125732422
2022-10-13,99.23995971679688
2022-10-14,96.72188568115234
2022-10-17,100.3049087524414
2022-10-18,100.91203308105469
2022-10-19,99.81722259521484
2022-10-20,100.05609130859375
2022-10-21,101.0016098022461
2022-10-24,102.48458099365234
2022-10-25,104.43534088134766
2022-10-26,94.37300109863281
2022-10-27,92.1634750366211
2022-10-28,96.12471008300781
2022-10-31,94.21376037597656
2022-11-01,90.07337188720703
2022-11-02,86.65953826904297
2022-11-03,83.0964126586914
2022-11-04,86.29127502441406
2022-11-07,88.23210144042969
2022-11-08,88.4908676147461
2022-11-09,86.98798370361328
2022-11-10,93.72606658935547
2022-11-11,96.27400970458984
2022-11-14,95.57730102539062
2022-11-15,98.25462341308594
2022-11-16,98.52334594726562
2022-11-17,98.03565979003906
2022-11-18,97.33895874023438
2022-11-21,95.37825012207031
2022-11-22,96.87117767333984
2022-11-23,98.3541488647461
2022-11-25,97.139892578125
2022-11-28,95.7962646484375
2022-11-29,94.99008178710938
2022-11-30,100.97175598144531
2022-12-01,100.80255889892578
2022-12-02,100.35467529296875
2022-12-05,99.39920043945312
2022-12-06,96.85126495361328
2022-12-07,94.70145416259766
2022-12-08,93.5071029663086
2022-12-09,92.63125610351562
2022-12-12,93.11894226074219
2022-12-13,95.39814758300781
2022-12-14,94.8606948852539
2022-12-15,90.77007293701172
2022-12-16,90.43167114257812
2022-12-19,88.72972869873047
2022-12-20,89.20747375488281
2022-12-21,89.82454681396484
2022-12-22,87.84394073486328
2022-12-23,89.38662719726562
2022-12-27,87.51548767089844
2022-12-28,86.05242156982422
2022-12-29,88.53067779541016
2022-12-30,88.31172180175781
2023-01-03,89.27714538574219
2023-01-04,88.29181671142578
2023-01-05,86.36095428466797
2023-01-06,87.74440002441406
2023-01-09,88.38137817382812
2023-01-10,88.8193130493164
2023-01-11,91.82508087158203
2023-01-12,91.47673034667969
2023-01-13,92.36253356933594
2023-01-17,91.72555541992188
2023-01-18,91.34732818603516
2023-01-19,93.46730041503906
2023-01-20,98.8119888305664
2023-01-23,100.73287963867188
2023-01-24,98.7423095703125
2023-01-25,96.27400970458984
2023-01-26,98.69255065917969
2023-01-27,100.23523712158203
2023-01-30,97.48824310302734
2023-01-31,99.39920043945312
2023-02-01,100.95185089111328
2023-02-02,108.28710174560547
2023-02-03,104.7239761352539
2023-02-06,102.98223114013672
2023-02-07,107.53069305419922
2023-02-08,99.52859497070312
2023-02-09,95.0099868774414
2023-02-10,94.4128189086914
2023-02-13,94.55215454101562
2023-02-14,94.50238800048828
2023-02-15,96.64225769042969
2023-02-16,95.32847595214844
2023-02-17,94.14408874511719
2023-02-21,91.6160659790039
2023-02-22,91.36724090576172
2023-02-23,90.64068603515625
2023-02-24,88.92879486083984
2023-02-27,89.67526245117188
2023-02-28,89.87431335449219
2023-03-01,90.08332061767578
2023-03-02,91.87483978271484
2023-03-03,93.57677459716797
2023-03-06,95.12943267822266
2023-03-07,93.72606658935547
2023-03-08,94.20381164550781
2023-03-09,92.22319793701172
2023-03-10,90.58097076416016
2023-03-13,91.2279052734375
2023-03-14,93.8056869506836
2023-03-15,96.09486389160156
2023-03-16,100.59354400634766
2023-03-17,101.97698974609375
2023-03-20,101.4494857788086
2023-03-21,105.34104919433594
2023-03-22,103.72869873046875
2023-03-23,105.75907897949219
2023-03-24,105.56002044677734
2023-03-27,102.57416534423828
2023-03-28,100.8821792602539
2023-03-29,101.41962432861328
2023-03-30,100.84236907958984
2023-03-31,103.50972747802734
2023-04-03,104.41544342041016
2023-04-04,104.62445831298828
2023-04-05,104.45524597167969
2023-04-06,108.38663482666016
2023-04-10,106.4458236694336
2023-04-11,105.61974334716797
2023-04-12,104.7239761352539
2023-04-13,107.67998504638672
2023-04-14,108.94398498535156
2023-04-17,105.91831970214844
2023-04-18,104.62445831298828
2023-04-19,104.5249252319336
2023-04-20,105.4007797241211
2023-04-21,105.41072845458984
2023-04-24,106.27661895751953
2023-04-25,104.11685943603516
2023-04-26,103.95761108398438
2023-04-27,107.85913848876953
2023-04-28,107.7098388671875
2023-05-01,107.20223999023438
2023-05-02,105.48040771484375
2023-05-03,105.61974334716797
2023-05-04,104.71401977539062
2023-05-05,105.71428680419922
2023-05-08,107.729736328125
2023-05-09,107.43116760253906
2023-05-10,111.75070190429688
2023-05-11,116.34891510009766
2023-05-12,117.36410522460938
2023-05-15,116.40863800048828
2023-05-16,119.52387237548828
2023-05-17,120.9073257446289
2023-05-18,122.93769836425781
2023-05-19,122.66898345947266
2023-05-22,125.2766342163086
2023-05-23,122.70879364013672
2023-05-24,121.06657409667969
2023-05-25,123.76380157470703
2023-05-26,124.83870697021484
2023-05-30,124.05243682861328
2023-05-31,122.78842163085938
2023-06-01,123.78370666503906
2023-06-02,124.63965606689453
2023-06-05,126.03305053710938
2023-06-06,127.30702209472656
2023-06-07,122.36044311523438
2023-06-08,122.09171295166016
2023-06-09,122.29077911376953
2023-06-12,123.76380157470703
2023-06-13,123.84342193603516
2023-06-14,123.79364776611328
2023-06-15,125.19700622558594
2023-06-16,123.47515869140625
2023-06-20,123.26615142822266
2023-06-21,120.68836975097656
2023-06-22,123.28605651855469
2023-06-23,122.44005584716797
2023-06-26,118.52859497070312
2023-06-27,118.44896697998047
2023-06-28,120.50921630859375
2023-06-29,119.44425964355469
2023-06-30,120.39973449707031
2023-07-03,119.99165344238281
2023-07-05,122.05189514160156
2023-07-06,120.35992431640625
2023-07-07,119.57364654541016
2023-07-10,116.3190689086914
2023-07-11,117.15509796142578
2023-07-12,119.05609893798828
2023-07-13,124.24153137207031
2023-07-14,125.10742950439453
2023-07-17,124.47044372558594
2023-07-18,123.49507141113281
2023-07-19,122.2011947631836
2023-07-20,118.96651458740234
2023-07-21,119.74284362792969
2023-07-24,121.3054428100586
2023-07-25,122.2111587524414
2023-07-26,129.04876708984375
2023-07-27,129.2577667236328
2023-07-28,132.38296508789062
2023-07-31,132.4824981689453
2023-08-01,131.26824951171875
2023-08-02,128.0335693359375
2023-08-03,128.16297912597656
2023-08-04,127.93405151367188
2023-08-07,131.31802368164062
2023-08-08,131.21849060058594
2023-08-09,129.53643798828125
2023-08-10,129.59617614746094
2023-08-11,129.5563507080078
2023-08-14,131.20855712890625
2023-08-15,129.6558837890625
2023-08-16,128.50135803222656
2023-08-17,129.84500122070312
2023-08-18,127.50607299804688
2023-08-21,128.32220458984375
2023-08-22,129.07862854003906
2023-08-23,132.58203125
2023-08-24,129.80517578125
2023-08-25,130.07391357421875
2023-08-28,131.16873168945312
2023-08-29,134.85128784179688
2023-08-30,136.28448486328125
2023-08-31,136.70249938964844
2023-09-01,136.1551055908203
2023-09-05,136.06553649902344
2023-09-06,134.73184204101562
2023-09-07,135.5579376220703
2023-09-08,136.55322265625
2023-09-11,137.09066772460938
2023-09-12,135.4285430908203
2023-09-13,136.85179138183594
2023-09-14,138.33477783203125
2023-09-15,137.64805603027344
2023-09-18,138.30494689941406
2023-09-19,138.17552185058594
2023-09-20,133.9555206298828
2023-09-21,130.74075317382812
2023-09-22,130.63128662109375
2023-09-25,131.5469207763672
2023-09-26,128.83973693847656
2023-09-27,130.8402862548828
2023-09-28,132.50241088867188
2023-09-29,131.2284393310547
2023-10-02,134.5327911376953
2023-10-03,132.67160034179688
2023-10-04,135.6276092529297
2023-10-05,135.3489227294922
2023-10-06,138.07601928710938
2023-10-09,138.84237670898438
2023-10-10,138.54379272460938
2023-10-11,141.03199768066406
2023-10-12,139.62864685058594
2023-10-13,137.92672729492188
2023-10-16,139.8277130126953
2023-10-17,140.32534790039062
2023-10-18,138.6234130859375
2023-10-19,138.32481384277344
2023-10-20,136.09539794921875
2023-10-23,137.24990844726562
2023-10-24,139.45945739746094
2023-10-25,126.07286071777344
2023-10-26,122.85808563232422
2023-10-27,122.81827545166016
2023-10-30,125.15719604492188
2023-10-31,124.70932006835938
2023-11-01,126.96861267089844
2023-11-02,127.97386169433594
2023-11-03,129.75540161132812
2023-11-06,130.830322265625
2023-11-07,131.7758331298828
2023-11-08,132.6317901611328
2023-11-09,131.06919860839844
2023-11-10,133.4280242919922
2023-11-13,133.00999450683594
2023-11-14,134.79156494140625
2023-11-15,135.73709106445312
2023-11-16,138.046142578125
2023-11-17,136.29446411132812
2023-11-20,137.2698211669922
2023-11-21,137.96652221679688
2023-11-22,139.3599395751953
2023-11-24,137.56842041015625
2023-11-27,137.39920043945312
2023-11-28,137.96652221679688
2023-11-29,135.75698852539062
2023-11-30,133.28868103027344
2023-12-01,132.6915283203125
2023-12-04,130.0142059326172
2023-12-05,131.76589965820312
2023-12-06,130.81039428710938
2023-12-07,137.79734802246094
2023-12-08,135.995849609375
2023-12-11,134.06500244140625
2023-12-12,133.00999450683594
2023-12-13,133.3384552001953
2023-12-14,132.57208251953125
2023-12-15,133.2090606689453
2023-12-18,136.5432586669922
2023-12-19,137.44900512695312
2023-12-20,139.0016326904297
2023-12-21,141.1315460205078
2023-12-22,142.0471954345703
2023-12-26,142.146728515625
2023-12-27,140.7732391357422
2023-12-28,140.61398315429688
2023-12-29,140.26564025878906
2024-01-02,138.90208435058594
2024-01-03,139.69833374023438
2024-01-04,137.38925170898438
2024-01-05,136.74232482910156
2024-01-08,139.86752319335938
2024-01-09,141.887939453125
2024-01-10,143.1221160888672
2024-01-11,142.9927215576172
2024-01-12,143.56002807617188
2024-01-16,143.40078735351562
2024-01-17,142.21640014648438
2024-01-18,144.30650329589844
2024-01-19,147.27243041992188
2024-01-22,147.01370239257812
2024-01-23,147.97909545898438
2024-01-24,149.6412353515625
2024-01-25,152.9157257080078
2024-01-26,153.0650177001953
2024-01-29,154.11007690429688
2024-01-30,152.32852172851562
2024-01-31,141.1315460205078
2024-02-01,142.03726196289062
2024-02-02,142.86331176757812
2024-02-05,144.2467803955078
2024-02-06,144.72450256347656
2024-02-07,145.98851013183594
2024-02-08,146.52598571777344
2024-02-09,149.5118408203125
2024-02-12,148.02886962890625
2024-02-13,145.67999267578125
2024-02-14,146.4463653564453
2024-02-15,143.26145935058594
2024-02-16,141.0917205810547
2024-02-20,141.52963256835938
2024-02-21,143.1619110107422
2024-02-22,144.63494873046875
2024-02-23,144.60507202148438
2024-02-26,138.0959014892578
2024-02-27,139.43955993652344
2024-02-28,136.78211975097656
2024-02-29,139.1210479736328
2024-03-01,137.4290771484375
2024-03-04,133.56735229492188
2024-03-05,133.1493377685547
2024-03-06,131.93508911132812
2024-03-07,134.60247802734375
2024-03-08,135.64749145507812
2024-03-11,138.28501892089844
2024-03-12,138.96180725097656
2024-03-13,140.1063995361328
2024-03-14,143.65956115722656
2024-03-15,141.49978637695312
2024-03-18,147.78004455566406
2024-03-19,147.22268676757812
2024-03-20,148.97438049316406
2024-03-21,148.038818359375
2024-03-22,151.05455017089844
2024-03-25,150.43746948242188
2024-03-26,150.98487854003906
2024-03-27,151.22373962402344
2024-03-28,151.54222106933594
2024-04-01,155.76223754882812
2024-04-02,155.13519287109375
2024-04-03,155.63284301757812
2024-04-04,151.22373962402344
2024-04-05,153.21432495117188
2024-04-08,155.4039306640625
2024-04-09,157.39450073242188
2024-04-10,156.91677856445312
2024-04-11,160.03199768066406
2024-04-12,158.43955993652344
2024-04-15,155.59304809570312
2024-04-16,155.26458740234375
2024-04-17,156.14044189453125
2024-04-18,156.71771240234375
2024-04-19,154.9859161376953
2024-04-22,157.2053985595703
2024-04-23,159.16610717773438
2024-04-24,160.34054565429688
2024-04-25,157.2053985595703
2024-04-26,172.87118530273438
2024-04-29,167.10848999023438
2024-04-30,163.86386108398438
2024-05-01,164.7894744873047
2024-05-02,167.66586303710938
2024-05-03,168.193359375
2024-05-06,169.02940368652344
2024-05-07,172.16455078125
2024-05-08,170.35313415527344
2024-05-09,170.7711639404297
2024-05-10,169.48724365234375
2024-05-13,170.09432983398438
2024-05-14,171.1195068359375
2024-05-15,173.060302734375
2024-05-16,174.60299682617188
2024-05-17,176.45420837402344
2024-05-20,177.61871337890625
2024-05-21,178.69363403320312
2024-05-22,177.160888671875
2024-05-23,174.2347412109375
2024-05-24,175.498779296875
2024-05-28,177.1807861328125
2024-05-29,176.56370544433594
2024-05-30,172.7418212890625
2024-05-31,173.13992309570312
2024-06-03,173.59776306152344
2024-06-04,174.30442810058594
2024-06-05,176.23529052734375
2024-06-06,177.50924682617188
2024-06-07,175.12054443359375
2024-06-10,175.99737548828125
2024-06-11,177.5518035888672
2024-06-12,178.91690063476562
2024-06-13,176.10699462890625
2024-06-14,177.7311553955078
2024-06-17,178.1396942138672
2024-06-18,175.8180389404297
2024-06-20,177.0735321044922
2024-06-21,179.6143798828125
2024-06-24,180.14248657226562
2024-06-25,184.91534423828125
2024-06-26,184.70606994628906
2024-06-27,186.1907501220703
2024-06-28,182.7630615234375
2024-07-01,183.82925415039062
2024-07-02,185.941650390625
2024-07-03,186.71884155273438
2024-07-05,191.27249145507812
2024-07-08,189.79779052734375
2024-07-09,189.7579345703125
2024-07-10,191.96998596191406
2024-07-11,186.62918090820312
2024-07-12,186.1110382080078
2024-07-15,187.5159912109375
2024-07-16,184.83563232421875
2024-07-17,181.9659423828125
2024-07-18,178.578125
2024-07-19,178.74749755859375
2024-07-22,182.69332885742188
2024-07-23,182.94244384765625
2024-07-24,173.7454833984375
2024-07-25,168.55413818359375
2024-07-26,168.07586669921875
2024-07-29,170.51710510253906
2024-07-30,171.24447631835938
2024-07-31,172.52984619140625
2024-08-01,171.8323516845703
2024-08-02,167.796875
2024-08-05,160.06466674804688
2024-08-06,159.9650115966797
2024-08-07,160.1742706298828
2024-08-08,163.25318908691406
2024-08-09,164.7976531982422
2024-08-12,163.36280822753906
2024-08-13,165.33570861816406
2024-08-14,161.44969177246094
2024-08-15,162.58560180664062
2024-08-16,164.1499786376953
2024-08-19,167.796875
2024-08-20,168.35487365722656
2024-08-21,167.02963256835938
2024-08-22,164.8972930908203
2024-08-23,166.83033752441406
2024-08-26,167.32855224609375
2024-08-27,165.78411865234375
2024-08-28,163.91082763671875
2024-08-29,162.8147735595703
2024-08-30,164.51866149902344
2024-09-03,158.04193115234375
2024-09-04,157.2447967529297
2024-09-05,158.03196716308594
2024-09-06,151.58514404296875
2024-09-09,149.20054626464844
2024-09-10,149.6694793701172
2024-09-11,151.80462646484375
2024-09-12,155.1869354248047
2024-09-13,158.01051330566406
2024-09-16,158.62911987304688
2024-09-17,159.9161834716797
2024-09-18,160.44497680664062
2024-09-19,162.86947631835938
2024-09-20,164.2662811279297
2024-09-23,162.69985961914062
2024-09-24,163.2685546875
2024-09-25,162.62002563476562
2024-09-26,163.4581298828125
2024-09-27,164.91481018066406
2024-09-30,166.8105010986328
2024-10-01,168.03770446777344
2024-10-02,166.9302215576172
2024-10-03,166.83045959472656
2024-10-04,168.17738342285156
2024-10-07,164.016845703125
2024-10-08,165.32386779785156
2024-10-09,162.6898651123047
2024-10-10,162.80958557128906
2024-10-11,164.1465606689453
2024-10-14,165.972412109375
2024-10-15,166.52114868164062
2024-10-16,166.3615264892578
2024-10-17,164.13658142089844
2024-10-18,164.67535400390625
2024-10-21,165.4236602783203
2024-10-22,166.44134521484375
2024-10-23,164.1066436767578
2024-10-24,164.1565399169922
2024-10-25,166.61094665527344
2024-10-28,167.9578857421875
2024-10-29,170.75152587890625
2024-10-30,175.7401885986328
2024-10-31,172.2980194091797
2024-11-01,172.2581024169922
2024-11-04,170.2925567626953
2024-11-05,171.0209197998047
2024-11-06,177.9252166748047
2024-11-07,181.86624145507812
2024-11-08,179.45175170898438
2024-11-11,181.55694580078125
2024-11-12,182.90390014648438
2024-11-13,180.080322265625
2024-11-14,176.94744873046875
2024-11-15,173.4952850341797
2024-11-18,176.39869689941406
2024-11-19,179.17236328125
2024-11-20,176.92747497558594
2024-11-21,168.85585021972656
2024-11-22,166.19192504882812
2024-11-25,169.04541015625
2024-11-26,170.2327117919922
2024-11-27,170.43226623535156
2024-11-29,170.10301208496094
2024-12-02,172.5873565673828
2024-12-03,172.6272735595703
2024-12-04,175.69029235839844
2024-12-05,173.91433715820312
2024-12-06,176.0894012451172
2024-12-09,176.89846801757812
2024-12-10,186.31773376464844
2024-12-11,196.4861602783203
2024-12-12,193.40965270996094
2024-12-13,191.16221618652344
2024-12-16,197.93450927734375
2024-12-17,196.8956756591797
2024-12-18,189.93360900878906
2024-12-19,189.484130859375
2024-12-20,192.74041748046875
2024-12-23,195.7669677734375
2024-12-24,197.34518432617188
2024-12-26,196.87571716308594
2024-12-27,193.81918334960938
2024-12-30,192.47073364257812
2024-12-31,190.22328186035156
2025-01-02,190.41307067871094
2025-01-03,192.9102325439453
2025-01-06,197.7347412109375
2025-01-07,196.4861602783203
2025-01-08,195.1676483154297
2025-01-10,192.95018005371094
2025-01-13,192.0711669921875
2025-01-14,190.8325958251953
2025-01-15,196.75584411621094
2025-01-16,194.1887664794922
2025-01-17,197.3251953125
2025-01-21,199.40283203125
2025-01-22,199.8023681640625
2025-01-23,199.35289001464844
2025-01-24,201.6702423095703
2025-01-27,193.54949951171875
2025-01-28,196.8457489013672
2025-01-29,196.9556121826172
2025-01-30,202.3994140625
2025-01-31,205.3660430908203
2025-02-03,202.40939331054688
2025-02-04,207.4736328125
2025-02-05,193.0800323486328
2025-02-06,193.0900115966797
2025-02-07,186.92703247070312
2025-02-10,187.98582458496094
2025-02-11,186.8571319580078
2025-02-12,185.21897888183594
2025-02-13,187.66619873046875
2025-02-14,186.6573486328125
2025-02-18,185.58856201171875
2025-02-19,186.91705322265625
2025-02-20,186.4276123046875
2025-02-21,181.3733673095703
2025-02-24,180.9838104248047
2025-02-25,177.16815185546875
2025-02-26,174.50119018554688
2025-02-27,170.0163116455078
2025-02-28,172.02401733398438
2025-03-03,168.46807861328125
2025-03-04,172.41357421875
2025-03-05,174.79087829589844
2025-03-06,174.0117645263672
2025-03-07,175.5500030517578
2025-03-10,167.80999755859375
2025-03-11,165.97999572753906
2025-03-12,169.0
2025-03-13,164.72999572753906
2025-03-14,167.6199951171875
2025-03-17,166.57000732421875
2025-03-18,162.6699981689453
2025-03-19,166.27999877929688
2025-03-20,165.0500030517578
2025-03-21,166.25
